{"cameraMode":{"drawMode":0,"name":"Shaded","section":"Shading Mode"},"sceneLighting":true,"audioPlay":false,"sceneViewState":{"m_AlwaysRefresh":false,"showFog":true,"showSkybox":true,"showFlares":true,"showImageEffects":true,"showParticleSystems":true,"showVisualEffectGraphs":true,"m_FxEnabled":true},"in2DMode":false,"pivot":{"x":-53.156333923339847,"y":-155.4968719482422,"z":-568.4251708984375},"rotation":{"x":-0.014023167081177235,"y":0.9820665121078491,"z":-0.16959039866924287,"w":-0.08120469003915787},"size":247.37786865234376,"orthographic":false}