{"cameraMode":{"drawMode":0,"name":"Shaded","section":"Shading Mode"},"sceneLighting":true,"audioPlay":false,"sceneViewState":{"m_AlwaysRefresh":false,"showFog":true,"showSkybox":true,"showFlares":true,"showImageEffects":true,"showParticleSystems":true,"showVisualEffectGraphs":true,"m_FxEnabled":true},"in2DMode":false,"pivot":{"x":21.26095199584961,"y":-223.87356567382813,"z":-540.6429443359375},"rotation":{"x":-0.004185924772173166,"y":0.9671547412872315,"z":-0.2536633014678955,"w":-0.01595945842564106},"size":261.67535400390627,"orthographic":false}