{"cameraMode":{"drawMode":0,"name":"Shaded","section":"Shading Mode"},"sceneLighting":true,"audioPlay":false,"sceneViewState":{"m_AlwaysRefresh":false,"showFog":true,"showSkybox":true,"showFlares":true,"showImageEffects":true,"showParticleSystems":true,"showVisualEffectGraphs":true,"m_FxEnabled":true},"in2DMode":false,"pivot":{"x":28.2745418548584,"y":-191.52310180664063,"z":-560.8881225585938},"rotation":{"x":-0.005277900490909815,"y":0.9780263900756836,"z":-0.20692647993564607,"w":-0.024945035576820375},"size":251.2554931640625,"orthographic":false}